{
    "Jessica": 0.050091605947876795,
    "Ashley": 0.04280837240377224,
    "Jennifer": 0.03700962153749613,
    "Amanda": 0.03614500241279726,
    "Sarah": 0.030177573367388008,
    "Stephanie": 0.0237439690643732,
    "Elizabeth": 0.022429081863613056,
    "Nicole": 0.021801122185278486,
    "Brittany": 0.021465863462319663,
    "Emily": 0.020477761603900205,
    "Samantha": 0.02025575953319253,
    "Megan": 0.01931509203982019,
    "Melissa": 0.01919531629136159,
    "Lauren": 0.01828362600442485,
    "Rachel": 0.018038752949138266,
    "Heather": 0.01723484573563283,
    "Amber": 0.01708598428557577,
    "Danielle": 0.015566637642326535,
    "Tiffany": 0.015173680742827659,
    "Michelle": 0.015078887608692495,
    "Rebecca": 0.015056119222881343,
    "Christina": 0.014028904916745013,
    "Kimberly": 0.013911003932106274,
    "Laura": 0.01296134957521114,
    "Amy": 0.012751731387444572,
    "Crystal": 0.012505383531317664,
    "Courtney": 0.01224385586389389,
    "Katherine": 0.011934685180294273,
    "Kayla": 0.011811893863372185,
    "Erin": 0.011172689975051239,
    "Sara": 0.010866101875752198,
    "Kelly": 0.010353261105422156,
    "Mary": 0.01032296564359413,
    "Andrea": 0.010115404196802088,
    "Angela": 0.009881698699881286,
    "Victoria": 0.009566044205507874,
    "Erica": 0.009502512664592932,
    "Kristen": 0.008718480133613477,
    "Jamie": 0.008704983270561375,
    "Taylor": 0.008457070429711534,
    "Hannah": 0.008351180914532198,
    "Allison": 0.00801116977238666,
    "Chelsea": 0.00797047312825142,
    "Maria": 0.007881322586192917,
    "Lindsey": 0.007860882460163688,
    "Shannon": 0.0077290812568034965,
    "Lisa": 0.007719476541926301,
    "Katie": 0.007706769936170686,
    "Anna": 0.007663078205430879,
    "Vanessa": 0.007495924585465353,
    "Alyssa": 0.007092853180851823,
    "Jasmine": 0.007091226319670154,
    "Alexandra": 0.007089399104747042,
    "Alicia": 0.006940371910199066,
    "Kathryn": 0.006813265808185013,
    "Natalie": 0.006664528976825955,
    "Alexis": 0.0065999607025258355,
    "Kelsey": 0.006316352938811013,
    "Lindsay": 0.006033109230219359,
    "Jacqueline": 0.006005014466081143,
    "Christine": 0.0058259414544529035,
    "Cassandra": 0.005706073874294016,
    "Kristin": 0.005621796857019375,
    "Monica": 0.005523687991161096,
    "April": 0.0054442621780402345,
    "Morgan": 0.005164729362506375,
    "Catherine": 0.005027790576004989,
    "Brianna": 0.0049793139659057494,
    "Julia": 0.004801884887791306,
    "Brooke": 0.004801259970263051,
    "Jenna": 0.004613270539676797,
    "Caitlin": 0.004603483698761992,
    "Julie": 0.004474296543772856,
    "Whitney": 0.004269582218362931,
    "Brittney": 0.004099059876767149,
    "Tara": 0.004026498995511302,
    "Erika": 0.0039501969649302325,
    "Kristina": 0.00393089849836785,
    "Holly": 0.003827602975951581,
    "Cynthia": 0.003780474443018638,
    "Leah": 0.0036872473383477112,
    "Kaitlyn": 0.00341248697090366,
    "Veronica": 0.0033377664099809527,
    "Meghan": 0.0033323505606476455,
    "Diana": 0.0032996555304621723,
    "Jordan": 0.0032706755055219344,
    "Patricia": 0.0032378209492530995,
    "Katelyn": 0.0031708684974831006,
    "Abigail": 0.0031329753621740946,
    "Kathleen": 0.002914415674279769,
    "Marissa": 0.0028927836662055915,
    "Brandi": 0.0028778717425443526,
    "Melanie": 0.002873225199670173,
    "Natasha": 0.0026071618302733095,
    "Molly": 0.0025923986162056773,
    "Krystal": 0.002553012484287081,
    "Margaret": 0.001841983090838496,
    "Kaitlin": 0.001415576590418294,
    "Bianca": 0.001013560816437139,
    "Kendra": 0.0007839189105007385
}