{
    "Jessica": 0.04632951943270967,
    "Ashley": 0.03959328681190553,
    "Jennifer": 0.03423004608801796,
    "Amanda": 0.03343036343098136,
    "Sarah": 0.027911112955955962,
    "Stephanie": 0.02196069891075558,
    "Elizabeth": 0.020744565170048062,
    "Nicole": 0.020163767857407845,
    "Brittany": 0.019853688449363537,
    "Emily": 0.01893979712196677,
    "Samantha": 0.018734468323771417,
    "Megan": 0.017864448844674252,
    "Melissa": 0.017753668749670826,
    "Lauren": 0.016910450169112645,
    "Rachel": 0.016683968091751183,
    "Heather": 0.015940437630600653,
    "Amber": 0.01580275629033026,
    "Danielle": 0.014397518855805142,
    "Tiffany": 0.014034074642607138,
    "Michelle": 0.013946400864398223,
    "Rebecca": 0.013925342478408625,
    "Christina": 0.012975276209676475,
    "Kimberly": 0.012866230075986133,
    "Laura": 0.011987898683937893,
    "Amy": 0.011794023687921875,
    "Crystal": 0.011566177573355015,
    "Courtney": 0.01132429171402144,
    "Katherine": 0.011038341025821161,
    "Kayla": 0.010924771844001967,
    "Erin": 0.010333574807990704,
    "Sara": 0.010050012741342398,
    "Kelly": 0.009575688431205192,
    "Mary": 0.009547668283698942,
    "Andrea": 0.009355695558914684,
    "Angela": 0.009139542310157,
    "Victoria": 0.008847594772154079,
    "Erica": 0.008788834712385351,
    "Kristen": 0.008063686263008697,
    "Jamie": 0.008051203070121974,
    "Taylor": 0.007821909507649204,
    "Hannah": 0.007723972732447265,
    "Allison": 0.00740949783152752,
    "Chelsea": 0.007371857673468471,
    "Maria": 0.007289402705363958,
    "Lindsey": 0.0072704977172295465,
    "Shannon": 0.0071485953286600035,
    "Lisa": 0.007139711967543339,
    "Katie": 0.0071279596803659,
    "Anna": 0.007087549379077798,
    "Vanessa": 0.0069329496864167384,
    "Alyssa": 0.006560150609217185,
    "Jasmine": 0.006558645932030176,
    "Alexandra": 0.006556955948495287,
    "Alicia": 0.006419121311829874,
    "Kathryn": 0.006301561403101779,
    "Natalie": 0.006163995322150421,
    "Alexis": 0.006104276391956077,
    "Kelsey": 0.005841968742766998,
    "Lindsay": 0.005579997806657572,
    "Jacqueline": 0.0055540130753544215,
    "Christine": 0.0053883891865787814,
    "Cassandra": 0.005277524156815078,
    "Kristin": 0.005199576691652568,
    "Monica": 0.005108836206868911,
    "April": 0.0050353756003898385,
    "Morgan": 0.004776836853941345,
    "Catherine": 0.004650182735945822,
    "Brianna": 0.004605346919502612,
    "Julia": 0.004441243498043446,
    "Brooke": 0.004440665514402848,
    "Jenna": 0.004266794866563117,
    "Caitlin": 0.004257743057826557,
    "Julie": 0.004138258391797811,
    "Whitney": 0.0039489189578195485,
    "Brittney": 0.0037912035484375132,
    "Tara": 0.0037240922890840926,
    "Erika": 0.0036535208561729727,
    "Kristina": 0.0036356717841637075,
    "Holly": 0.0035401341821535786,
    "Cynthia": 0.0034965451967131065,
    "Leah": 0.00341031983268702,
    "Kaitlyn": 0.003156195103763707,
    "Veronica": 0.0030870863656071836,
    "Meghan": 0.0030820772689295253,
    "Diana": 0.003051837770561134,
    "Jordan": 0.0030250342651988536,
    "Patricia": 0.0029946472218149,
    "Katelyn": 0.002932723175726751,
    "Abigail": 0.002897675971400907,
    "Kathleen": 0.0026955310188505025,
    "Marissa": 0.002675523663935909,
    "Brandi": 0.002661731687336849,
    "Melanie": 0.002657434119025539,
    "Natasha": 0.002411353207672233,
    "Molly": 0.0023976987719620396,
    "Krystal": 0.0023612707012389605,
    "Margaret": 0.0017036425522177117,
    "Kaitlin": 0.0013092609412945582,
    "Bianca": 0.0009374382125064987,
    "Kendra": 0.0007250433622652096
}