{
    "Michael": 0.04737417621330861,
    "Christopher": 0.03918755860617057,
    "Matthew": 0.03391878804354234,
    "Joshua": 0.030149110919583562,
    "David": 0.0266167300641349,
    "Daniel": 0.025835069278536082,
    "James": 0.02515431304867637,
    "John": 0.023154963376293768,
    "Andrew": 0.02309019503025525,
    "Joseph": 0.022915071334535596,
    "Robert": 0.0223139870500559,
    "Ryan": 0.02159040316480643,
    "Justin": 0.021316414491453706,
    "Brandon": 0.020224244316383186,
    "Nicholas": 0.01971421805026283,
    "William": 0.01887746287976668,
    "Jonathan": 0.017690223389854456,
    "Anthony": 0.01743773269593178,
    "Jason": 0.015676457394461458,
    "Jacob": 0.015182614350716987,
    "Brian": 0.014913594116514788,
    "Kevin": 0.014798091525161938,
    "Eric": 0.014336966454924481,
    "Tyler": 0.013441039375676743,
    "Kyle": 0.01337877167507081,
    "Thomas": 0.013364200234587776,
    "Adam": 0.012938812255665842,
    "Steven": 0.01286019675815289,
    "Zachary": 0.01276351573610231,
    "Timothy": 0.011865256412472379,
    "Aaron": 0.01104098320668826,
    "Benjamin": 0.011030331795868,
    "Richard": 0.010616601641232144,
    "Alexander": 0.010324183664293845,
    "Jeremy": 0.009775495167941257,
    "Charles": 0.00930799793462505,
    "Jeffrey": 0.00917711078507016,
    "Mark": 0.00868538414662507,
    "Patrick": 0.008617852867085489,
    "Cody": 0.008555069301005868,
    "Nathan": 0.008344338745175046,
    "Sean": 0.008225614978640435,
    "Stephen": 0.008163882726343786,
    "Jose": 0.007965669650859855,
    "Jordan": 0.007571896428760152,
    "Samuel": 0.007443057406991441,
    "Travis": 0.007373475896122226,
    "Paul": 0.006933452076515838,
    "Austin": 0.006852110636696703,
    "Dustin": 0.006754762125555259,
    "Jesse": 0.006721038196675544,
    "Scott": 0.006580972055367887,
    "Gregory": 0.006312862805664473,
    "Kenneth": 0.0062055400247502555,
    "Bryan": 0.005828105715759121,
    "Derek": 0.0050858220034946736,
    "Bradley": 0.004928487327002195,
    "Jared": 0.00484564923556244,
    "Christian": 0.004700572645610684,
    "Juan": 0.004687807345675943,
    "Corey": 0.004441774777562337,
    "Edward": 0.004397383400414525,
    "Shawn": 0.004353138665184734,
    "Peter": 0.0041172740320968935,
    "Marcus": 0.004083086182290794,
    "Alex": 0.003968013864833103,
    "Luis": 0.0038139391065184543,
    "Carlos": 0.0037169727265546726,
    "Ian": 0.0034467970106341213,
    "Nathaniel": 0.003428505962355893,
    "Antonio": 0.0034276932847934196,
    "Evan": 0.00326952605046794,
    "Chad": 0.0032249985624193175,
    "Shane": 0.0030983458875536124,
    "Cameron": 0.003032384430716303,
    "Cory": 0.0029743318674387165,
    "Keith": 0.002790425657296006,
    "Victor": 0.002760945176198798,
    "Taylor": 0.002675708149680452,
    "Trevor": 0.0026751998287522813,
    "George": 0.002655785551479234,
    "Joel": 0.0025282561448002083,
    "Brett": 0.0025240253431220564,
    "Phillip": 0.002481515035110578,
    "Donald": 0.002475744561668653,
    "Erik": 0.0023338412283912422,
    "Ronald": 0.0022738036241403505,
    "Devin": 0.0022688907576914074,
    "Raymond": 0.0022539022154565323,
    "Vincent": 0.002175471857280154,
    "Caleb": 0.0021234832288864166,
    "Seth": 0.002090451877161123,
    "Casey": 0.0020523473853891858,
    "Ethan": 0.0019735809589082227,
    "Douglas": 0.0018717738320778003,
    "Blake": 0.0018446605742201726,
    "Mitchell": 0.0018359916328569157,
    "Adrian": 0.0017895516340206718,
    "Derrick": 0.00164697322483966,
    "Wesley": 0.001129548948662479
}