{
    "Michael": 0.04920651099732579,
    "Christopher": 0.04070325201710162,
    "Matthew": 0.03523069634742603,
    "Joshua": 0.0313152159384108,
    "David": 0.02764620992492896,
    "Daniel": 0.026834316122922513,
    "James": 0.02612722965538665,
    "John": 0.024050549288458043,
    "Andrew": 0.023983275837258112,
    "Joseph": 0.02380137872055636,
    "Robert": 0.0231770457438436,
    "Ryan": 0.022425475136120535,
    "Justin": 0.022140889149701082,
    "Brandon": 0.021006476099676135,
    "Nicholas": 0.020476723076430402,
    "William": 0.01960760395309837,
    "Jonathan": 0.018374444504503804,
    "Anthony": 0.018112187994727528,
    "Jason": 0.016282790221119996,
    "Jacob": 0.015769846353694213,
    "Brian": 0.015490420975336816,
    "Kevin": 0.015370450983541433,
    "Eric": 0.014891490552913243,
    "Tyler": 0.013960910874243896,
    "Kyle": 0.013896234788250377,
    "Thomas": 0.013881099754700732,
    "Adam": 0.013439258651887592,
    "Steven": 0.013357602470141795,
    "Zachary": 0.013257182026874476,
    "Timothy": 0.012324179897452122,
    "Aaron": 0.0114680255153138,
    "Benjamin": 0.011456962130036046,
    "Richard": 0.011027229751949953,
    "Alexander": 0.010723501654742685,
    "Jeremy": 0.010153591026464676,
    "Charles": 0.00966801197071888,
    "Jeffrey": 0.009532062377949561,
    "Mark": 0.00902131677398634,
    "Patrick": 0.008951173524753556,
    "Cody": 0.0088859616206808,
    "Nathan": 0.00866708044444097,
    "Sean": 0.008543764689095169,
    "Stephen": 0.00847964476143991,
    "Jose": 0.008273765215699678,
    "Jordan": 0.007864761662868331,
    "Samuel": 0.00773093941521591,
    "Travis": 0.007658666635962079,
    "Paul": 0.007201623608531779,
    "Austin": 0.007117136050690633,
    "Dustin": 0.007016022301240166,
    "Jesse": 0.006980994000804484,
    "Scott": 0.006835510391937592,
    "Gregory": 0.006557031233068131,
    "Kenneth": 0.006445557429797321,
    "Bryan": 0.006053524745312923,
    "Derek": 0.005282531040088017,
    "Bradley": 0.0051191109849459725,
    "Jared": 0.005033068888106668,
    "Christian": 0.004882381036844145,
    "Juan": 0.004869122001609533,
    "Corey": 0.004613573404541127,
    "Edward": 0.004567465061084664,
    "Shawn": 0.004521509031351172,
    "Peter": 0.004276521643926025,
    "Marcus": 0.004241011479065656,
    "Alex": 0.00412148840326642,
    "Luis": 0.0039614543531695185,
    "Carlos": 0.003860737514937336,
    "Ian": 0.003580111963227579,
    "Nathaniel": 0.0035611134551753712,
    "Antonio": 0.0035602693449319532,
    "Evan": 0.0033959845303483723,
    "Chad": 0.00334973481150403,
    "Shane": 0.0032181834741138236,
    "Cameron": 0.0031496707650663807,
    "Cory": 0.003089372849162167,
    "Keith": 0.0028983535286125546,
    "Victor": 0.0028677328037099293,
    "Taylor": 0.002779198985963541,
    "Trevor": 0.002778671004237177,
    "George": 0.002758505823024528,
    "Joel": 0.0026260438436546147,
    "Brett": 0.0026216494033509752,
    "Phillip": 0.0025774948848798153,
    "Donald": 0.00257150122150504,
    "Erik": 0.0024241093618971358,
    "Ronald": 0.002361749627755845,
    "Devin": 0.002356646741832091,
    "Raymond": 0.002341078473900773,
    "Vincent": 0.002259614592296728,
    "Caleb": 0.0022056151516885412,
    "Seth": 0.0021713062158537776,
    "Casey": 0.002131727921447539,
    "Ethan": 0.0020499149731145875,
    "Douglas": 0.0019441701579766726,
    "Blake": 0.001916008215594023,
    "Mitchell": 0.0019070039775761292,
    "Adrian": 0.001858767775997399,
    "Derrick": 0.0017106747299514447,
    "Wesley": 0.0011732375569786459
}